rating,rental_rate
PG-13,10797.150000000001
NC-17,10062.07
PG,9465.880000000001
R,9011.19
G,7875.27
